System,4,Services,2155,Unknown,Esteban,1220,N/A 
Registry,120,Services,9450,Unknown,N/A,3252,N/A 
smss.exe,576,Services,2416,Unknown,N/A,543,N/A 
csrss.exe,744,Services,6790,Unknown,N/A,1845,N/A 
wininit.exe,848,Services,4773,Unknown,N/A,3067,N/A 
csrss.exe,856,Console,2272,Running,N/A,2639,N/A 
services.exe,924,Services,8752,Unknown,N/A,1495,N/A 
lsass.exe,968,Services,8641,Unknown,N/A,2895,N/A 
svchost.exe,424,Services,408,Unknown,N/A,33,N/A 
svchost.exe,456,Services,643,Unknown,N/A,90,N/A 
fontdrvhost.exe,500,Services,3886,Unknown,N/A,2812,N/A 
winlogon.exe,724,Console,4099,Unknown,N/A,1372,N/A 
fontdrvhost.exe,1048,Console,1838,Unknown,N/A,1697,N/A 
svchost.exe,1084,Services,215,Unknown,N/A,2398,N/A 
svchost.exe,1128,Services,2223,Unknown,N/A,1381,N/A 
dwm.exe,1200,Console,4265,Running,Esteban,1841,DWM Notification Window 
svchost.exe,1372,Services,137,Unknown,N/A,3180,N/A 
svchost.exe,1428,Services,528,Unknown,N/A,3191,N/A 
svchost.exe,1544,Services,1578,Unknown,N/A,21,N/A 
svchost.exe,1592,Services,6579,Unknown,N/A,888,N/A 
svchost.exe,1640,Services,4820,Unknown,N/A,966,N/A 
svchost.exe,1648,Services,3284,Unknown,N/A,3567,N/A 
svchost.exe,1692,Services,2622,Unknown,N/A,3095,N/A 
svchost.exe,1744,Services,7903,Unknown,N/A,168,N/A 
svchost.exe,1752,Services,502,Unknown,N/A,3341,N/A 
svchost.exe,1760,Services,6802,Unknown,N/A,1467,N/A 
svchost.exe,1776,Services,7524,Unknown,N/A,2299,N/A 
svchost.exe,1784,Services,1928,Unknown,N/A,2682,N/A 
Memory Compression,1808,Services,275,Unknown,N/A,1703,N/A 
svchost.exe,2036,Services,2563,Unknown,N/A,2123,N/A 
svchost.exe,1124,Services,6931,Unknown,N/A,3094,N/A 
igfxCUIService.exe,1476,Services,9828,Unknown,N/A,1756,N/A 
svchost.exe,2076,Services,2386,Unknown,N/A,1252,N/A 
svchost.exe,2084,Services,3227,Unknown,N/A,2588,N/A 
svchost.exe,2176,Services,6516,Unknown,N/A,3533,N/A 
svchost.exe,2224,Services,1676,Unknown,N/A,3356,N/A 
svchost.exe,2232,Services,904,Unknown,N/A,3549,N/A 
svchost.exe,2336,Services,8296,Unknown,N/A,532,N/A 
svchost.exe,2384,Services,3361,Unknown,N/A,374,N/A 
svchost.exe,2424,Services,7329,Unknown,N/A,224,N/A 
svchost.exe,2520,Services,4720,Unknown,N/A,1746,N/A 
svchost.exe,2528,Services,8288,Unknown,N/A,115,N/A 
svchost.exe,2536,Services,6487,Unknown,N/A,1641,N/A 
svchost.exe,2544,Services,572,Unknown,N/A,948,N/A 
svchost.exe,2692,Services,1100,Unknown,N/A,1883,N/A 
svchost.exe,2776,Services,6901,Unknown,N/A,2120,N/A 
svchost.exe,2848,Services,7325,Unknown,N/A,219,N/A 
AVGSvc.exe,2860,Services,1431,Unknown,N/A,2003,N/A 
svchost.exe,2904,Services,194,Unknown,N/A,868,N/A 
svchost.exe,2944,Services,9052,Unknown,N/A,880,N/A 
dasHost.exe,3016,Services,6596,Unknown,N/A,1168,N/A 
svchost.exe,3068,Services,6899,Unknown,N/A,1783,N/A 
svchost.exe,2444,Services,1682,Unknown,N/A,1636,N/A 
svchost.exe,3176,Services,1583,Unknown,N/A,212,N/A 
svchost.exe,3292,Services,2963,Unknown,N/A,3556,N/A 
spoolsv.exe,3692,Services,84,Unknown,N/A,1474,N/A 
svchost.exe,3740,Services,9781,Unknown,N/A,24,N/A 
svchost.exe,3800,Services,8206,Unknown,N/A,1587,N/A 
svchost.exe,3808,Services,4939,Unknown,N/A,535,N/A 
afwServ.exe,3816,Services,5610,Unknown,N/A,2418,N/A 
armsvc.exe,3796,Services,9748,Unknown,N/A,634,N/A 
DolbyDAX2API.exe,732,Services,1648,Unknown,N/A,734,N/A 
svchost.exe,1472,Services,7572,Unknown,N/A,2818,N/A 
svchost.exe,3648,Services,1561,Unknown,N/A,1944,N/A 
ibtsiva.exe,3980,Services,7225,Unknown,N/A,2017,N/A 
svchost.exe,4012,Services,919,Unknown,N/A,2082,N/A 
svchost.exe,4028,Services,8018,Unknown,N/A,2606,N/A 
OfficeClickToRun.exe,4016,Services,1381,Unknown,N/A,2065,N/A 
svchost.exe,3996,Services,1476,Unknown,N/A,1426,N/A 
svchost.exe,4032,Services,1849,Unknown,N/A,1952,N/A 
SecurityHealthService.exe,4084,Services,1994,Unknown,N/A,1058,N/A 
svchost.exe,4088,Services,8478,Unknown,N/A,3320,N/A 
HidMonitorSvc.exe,4036,Services,4513,Unknown,N/A,1824,N/A 
svchost.exe,4100,Services,2546,Unknown,N/A,849,N/A 
svchost.exe,4116,Services,3266,Unknown,N/A,2965,N/A 
svchost.exe,4376,Services,2015,Unknown,N/A,3164,N/A 
svchost.exe,4456,Services,1670,Unknown,N/A,1347,N/A 
svchost.exe,4592,Services,6025,Unknown,N/A,643,N/A 
svchost.exe,4772,Services,6227,Unknown,N/A,2512,N/A 
svchost.exe,5260,Services,9315,Unknown,N/A,233,N/A 
svchost.exe,5332,Services,3267,Unknown,N/A,1195,N/A 
svchost.exe,5588,Services,5857,Unknown,N/A,2905,N/A 
svchost.exe,5212,Services,1494,Unknown,N/A,1029,N/A 
svchost.exe,5568,Services,9244,Unknown,N/A,2942,N/A 
aswidsagenta.exe,6152,Services,6289,Unknown,N/A,2936,N/A 
svchost.exe,6192,Services,3424,Unknown,N/A,2900,N/A 